"Method","ATT","Std_Error"
"Hand imputation (naive SE)",0.0916848746757221,0.0133503936379447
"did_imputation (correct SE)",0.0916848746757203,0.0143981325500389
